id,name,league_id
1,Arsenal,13
2,Aston Villa,13
3,Blackburn Rovers,14
4,Bolton Wanderers,60
5,Chelsea,13
7,Everton,13
8,Leeds United,14
9,Liverpool,13
10,Manchester City,13
11,Manchester United,13
12,Middlesbrough,14
13,Newcastle United,13
14,Nottingham Forest,13
15,Queens Park Rangers,14
17,Southampton,14
18,Tottenham Hotspur,13
19,West Ham United,13
21,FC Bayern München,19
22,Borussia Dortmund,19
23,Borussia Mönchengladbach,19
25,SC Freiburg,19
27,Hansa Rostock,20
28,Hamburger SV,20
29,Kaiserslautern,20
31,FC Köln,19
32,Bayer 04 Leverkusen,19
33,1860 München,2076
34,Schalke 04,20
36,VfB Stuttgart,19
38,Werder Bremen,19
39,Atalanta,31
44,Inter,31
45,Juventus,31
46,Lazio,31
47,Milan,31
48,Napoli,31
50,Parma,32
52,Roma,31
54,Torino,31
55,Udinese,31
57,Auxerre,17
58,Bastia,17
59,Bordeaux,17
62,Guingamp,17
64,Lens,16
65,Lille,16
66,Olympique Lyonnais,16
68,Metz,16
69,Monaco,16
70,Montpellier,16
71,Nantes,16
72,Nice,16
73,Paris Saint Germain,16
74,Rennes,16
76,Strasbourg,16
77,Aberdeen,50
78,Celtic,50
80,Hearts,50
81,Hibernian,50
82,Kilmarnock,50
83,Motherwell,50
86,Rangers,50
88,Birmingham City,14
89,Charlton Athletic,60
91,Derby County,60
92,Grimsby Town,61
94,Ipswich Town,14
95,Leicester City,14
97,Millwall,14
106,Sunderland,14
109,West Bromwich Albion,14
110,Wolverhampton Wanderers,13
121,Crewe Alexandra,61
127,Shrewsbury Town,60
142,Doncaster Rovers,61
143,Exeter City,60
144,Fulham,13
149,Lincoln City,60
159,DSC Arminia Bielefeld,2076
160,VfL Bochum 1848,19
165,SpVgg Greuther Fürth,20
166,Hertha BSC,20
169,FSV Mainz 05,19
171,Nürnberg,20
172,Unterhaching,2076
175,VfL Wolfsburg,19
180,Dundee,50
189,Bologna,31
190,Brescia,32
191,Salzburg,80
205,Venezia,32
206,Hellas Verona,31
209,Sturm Graz,80
210,Caen,17
211,Dinamo Zagreb,317
217,Lorient,16
219,Olympique de Marseille,16
229,Anderlecht,4
230,Antwerp,4
231,Club Brugge,4
232,Standard Liège,4
234,Benfica,308
236,Porto,308
237,Sporting CP,308
240,Atlético Madrid,53
241,FC Barcelona,53
243,Real Madrid,53
244,Real Zaragoza,54
245,Ajax,10
246,Feyenoord,10
247,PSV,10
252,LASK Linz,80
254,Rapid Wien,80
256,Austria Wien,80
260,Tenerife,54
263,Hajduk Split,317
266,Slavia Praha,319
267,Sparta Praha,319
269,Brøndby,1
270,Silkeborg,1
271,AGF,1
272,OB,1
278,AEK Athens,63
294,Troyes,17
298,Rosenborg,41
299,Lillestrøm,41
300,Viking,41
301,Widzew Lodz,66
305,Bohemians,65
306,Shamrock Rovers,65
308,Universitatea Craiova,330
310,Rapid Bucuresti,330
319,IFK Göteborg,56
320,Malmö FF,56
321,Halmstad,56
322,Grasshopper,189
324,Servette,189
325,Galatasaray,68
326,Fenerbahçe,68
327,Beşiktaş,68
347,Lecce,31
357,Morecambe,61
361,Stevenage,60
378,Brest,16
379,Stade de Reims,16
381,Barrow,61
383,Palmeiras,7
393,PAOK,63
417,Molde,41
418,Tromsø,41
420,Górnik Zabrze,66
422,Cork City,65
423,St Patrick's,65
433,AIK,56
436,Trabzonspor,68
445,Derry City,65
448,Athletic Club,53
449,Real Betis,53
450,Celta de Vigo,53
452,Espanyol,54
453,Mallorca,53
456,Racing Santander,54
457,Real Sociedad,53
459,Sporting Gijón,54
461,Valencia,53
462,Real Valladolid,54
463,Deportivo Alavés,53
467,SD Eibar,54
468,Elche,54
472,Las Palmas,53
479,Osasuna,53
480,Rayo Vallecano,53
481,Sevilla,53
483,Villarreal,53
485,Hannover 96,20
487,Osnabrück,20
489,Farense,308
492,Wehen Wiesbaden,20
503,Dynamo Dresden,2076
506,Erzgebirge Aue,2076
517,Botafogo,7
518,Chaves,308
523,Saarbrücken,2076
526,Rot-Weiss Essen,2076
531,Preußen Münster,2076
543,Jahn Regensburg,2076
561,Forest Green Rovers,61
563,Sligo Rovers,65
567,Fluminense,7
570,Ternana,32
576,Holstein Kiel,20
580,Elversberg,20
598,São Paulo,7
605,Al Hilal,350
607,Al Ittihad,350
614,Ajaccio,17
621,Livingston,50
631,Ross County,50
634,Fortuna Sittard,10
645,FC Volendam,10
670,Sporting Charleroi,4
673,Genk,4
674,Gent,4
680,Sint-Truiden,4
681,Westerlo,4
687,Columbus Crew,39
688,DC United,39
689,New York RB,39
691,New England,39
693,Chicago Fire,39
694,Colorado Rapids,39
695,Dallas,39
696,Sporting Kansas City,39
697,LA Galaxy,39
698,Houston Dynamo,39
700,Elfsborg,56
702,Norrköping,56
708,Hammarby,56
710,Djurgården,56
711,Häcken,56
718,Estrela Amadora,308
741,Antalyaspor,68
744,Rio Ave,308
746,İstanbulspor,68
748,Samsunspor,68
781,Austria Lustenau,80
819,København,1
822,Vejle,1
834,Shelbourne,65
837,Dundalk,65
873,Lech Poznań,66
874,Ruch Chorzów,66
894,Zürich,189
896,Basel,189
897,Luzern,189
898,St. Gallen,189
900,Young Boys,189
917,Stabæk,41
918,Bodø / Glimt,41
919,Brann,41
920,Vålerenga,41
922,Strømsgodset,41
980,Daejeon Citizen,83
982,Seoul,83
983,Suwon Bluewings,83
1013,San Lorenzo,353
1035,Atlético Mineiro,7
1039,Athletico Paranaense,7
1041,Corinthians,7
1043,Flamengo,7
1048,Internacional,7
1053,Santos,7
1439,Kalmar,56
1443,Viborg,1
1456,Odd,41
1463,Haugesund,41
1473,Ulsan,83
1474,Pohang Steelers,83
1477,Jeonbuk Motors,83
1478,Jeju United,83
1480,Carlisle United,60
1516,Midtjylland,1
1530,Angers SCO,17
1572,Drogheda United,65
1704,Yverdon Sport,189
1713,Winterthur,189
1738,Le Havre,16
1744,Modena,32
1745,Como,32
1746,Empoli,31
1750,Cercle Brugge,4
1755,Aalesund,41
1756,HamKam,41
1757,Sandefjord,41
1786,Randers,1
1787,Austria Klagenfurt,80
1788,Nordsjælland,1
1790,Portsmouth,60
1792,Norwich City,14
1793,Reading,60
1794,Sheffield United,13
1795,Watford,14
1796,Burnley,13
1797,Rotherham United,14
1798,Milton Keynes Dons,61
1799,Crystal Palace,13
1800,Coventry City,14
1801,Preston North End,14
1802,Gillingham,61
1803,Walsall,61
1804,Bradford City,61
1805,Grenoble Foot 38,17
1806,Stoke City,14
1807,Sheffield Wednesday,14
1808,Brighton & Hove Albion,13
1809,Toulouse,16
1814,Laval,17
1815,Clermont,16
1816,Amiens SC,17
1819,Saint-Étienne,17
1824,Eintracht Frankfurt,19
1825,MSV Duisburg,2076
1829,VfB Lübeck,2076
1831,FC Union Berlin,19
1832,Karlsruher SC,20
1837,Sampdoria,32
1842,Cagliari,31
1843,Palermo,32
1846,Lecco,32
1847,Ascoli,32
1848,Bari 1908,32
1853,Levante,54
1854,Albacete,54
1860,Getafe,53
1861,Almería,53
1862,Lausanne Sport,189
1871,Legia Warszawa,66
1874,Ferencváros,64
1876,River Plate,353
1877,Boca Juniors,353
1884,Panathinaikos,63
1887,Vitória SC,308
1888,Gil Vicente,308
1896,Sporting Braga,308
1898,Boavista,308
1900,Moreirense,308
1903,FC Utrecht,10
1905,RKC Waalwijk,10
1906,AZ Alkmaar,10
1908,FC Twente,10
1909,Vitesse,10
1910,NEC,10
1913,SC Heerenveen,10
1914,PEC Zwolle,10
1917,Wigan Athletic,60
1919,Bristol City,14
1923,Luton Town,13
1925,Brentford,13
1926,Blackpool,60
1928,Port Vale,60
1929,Plymouth Argyle,14
1930,Northampton Town,60
1931,Stockport County,61
1932,Barnsley,60
1933,Wycombe Wanderers,60
1934,Swindon Town,61
1935,Colchester United,61
1936,Cheltenham Town,60
1937,Notts County,61
1938,Peterborough United,60
1939,Huddersfield Town,14
1940,Mansfield Town,61
1943,AFC Bournemouth,13
1944,Cambridge United,60
1947,Wrexham,61
1951,Oxford United,60
1952,Hull City,14
1958,Leyton Orient,60
1960,Swansea City,14
1961,Cardiff City,14
1962,Bristol Rovers,60
1968,Cádiz,53
1971,Excelsior,10
2013,AS Eupen,4
2014,Union Saint-Gilloise,4
2017,Hartberg,80
2056,Daegu,83
8001,RWDM,4
10020,Estoril,308
10029,TSG Hoffenheim,19
10030,Paderborn,20
10031,Portimonense,308
10032,Lugano,189
10846,Burgos,54
15001,Lyngby,1
15009,Rheindorf Altach,80
15015,Burton Albion,60
15040,WSG Tirol,80
15048,Tranmere Rovers,61
100081,Kortrijk,4
100087,OH Leuven,4
100135,APOEL,318
100325,HJK,322
100409,FC Augsburg,19
100632,Go Ahead Eagles,10
100634,Heracles Almelo,10
100646,Sparta Rotterdam,10
100757,Dinamo Bucureşti,330
100761,FCSB,330
100804,St. Johnstone,50
100805,St. Mirren,50
100831,Alcorcón,54
100851,FC Cartagena,54
100888,Leganés,54
101007,Ankaragücü,68
101014,İstanbul Başakşehir,68
101016,Adana Demirspor,68
101020,Kayserispor,68
101028,Hatayspor,68
101033,Konyaspor,68
101037,Rizespor,68
101041,Sivasspor,68
101047,Dynamo Kyiv,332
101059,Shakhtar Donetsk,332
101083,Estudiantes,353
101084,Gimnasia La Plata,353
101085,Racing Club,353
101088,Vélez Sarsfield,353
101097,Audax Italiano,335
101100,Atlético Nacional,336
101101,Junior,336
101103,Independiente Medellín,336
101104,Santa Fe,336
101105,Millonarios,336
101108,Olimpia,337
101110,Peñarol,338
101112,Vancouver Whitecaps,39
110062,Girona,53
110069,Mirandés,54
110072,Oțelul Galați,330
110075,SSC Farul,330
110078,Petrolul 52,330
110093,Independiente,353
110176,Ulm,2076
110178,Sandhausen,2076
110242,Racing Ferrol,54
110313,Accrington Stanley,61
110321,Pau,17
110329,St. Pauli,20
110373,Salernitana,31
110374,Fiorentina,31
110394,Arsenal de Sarandi,353
110395,Lanús,353
110396,Newell's Old Boys,353
110404,Banfield,353
110406,Colón,353
110456,Valenciennes,17
110468,Viktoria Plzeň,319
110482,Hallescher FC,2076
110500,Eintracht Braunschweig,20
110501,Verl,2076
110502,Darmstadt 98,19
110532,Waldhof Mannheim,2076
110556,Genoa,31
110580,Rosario Central,353
110581,Patronato,353
110588,Magdeburg,20
110636,Fortuna Düsseldorf,20
110645,Viktoria Köln,2076
110676,Borussia Dortmund II,2076
110691,Freiburg II,2076
110720,Blau-Weiß Linz,80
110724,Mechelen,4
110738,Pisa,32
110740,Reggiana,32
110741,Spezia,32
110745,Jagiellonia Białystok,66
110746,Pogoń Szczecin,66
110747,Cracovia Kraków,66
110749,Zagłębie Lubin,66
110750,UTA Arad,330
110751,Universitatea Cluj,330
110752,Botoşani,330
110765,Incheon United,83
110776,Gaziantep F.K.,68
110799,Sutton United,61
110815,CSM Politehnica Iași,330
110816,CFR Cluj,330
110827,Real Oviedo,54
110832,Granada,53
110839,Huesca,54
110890,Crawley Town,61
110902,Villarreal II,54
110908,Catanzaro,32
110953,Instituto,353
110955,Shanghai Shenhua,2012
110967,Blooming,2017
110968,Bolívar,2017
110969,The Strongest,2017
110970,Oriente Petrolero,2017
110975,Universidad Católica,335
110978,Cobresal,335
110980,Colo-Colo,335
110981,Barcelona Guayaquil,2018
110982,Deportivo Cuenca,2018
110984,Emelec,2018
110986,LDU Quito,2018
110987,Aucas,2018
110989,Caracas,2019
110990,Deportivo Táchira,2019
110993,Monagas,2019
110998,Danubio,338
111004,Tacuary,337
111008,Libertad,337
111010,Alianza Lima,2020
111011,Cienciano,2020
111013,Sporting Cristal,2020
111014,Universitario,2020
111019,Argentinos Juniors,353
111022,Belgrano,353
111042,Goiás,7
111052,Fortaleza,7
111065,Real Salt Lake,39
111083,Korona Kielce,66
111085,ŁKS Łódź,66
111086,Piast Gliwice,66
111088,Radomiak Radom,66
111092,Śląsk Wrocław,66
111117,Fatih Karagümrük,68
111132,UCD,65
111138,Minnesota United,39
111139,CF Montréal,39
111140,Portland Timbers,39
111144,Seattle Sounders,39
111235,Heidenheim,19
111239,Ingolstadt,2076
111276,Dunkerque,17
111325,Nacional,338
111326,Liverpool,338
111328,Palestino,335
111329,Guaraní,337
111332,Estudiantes Mérida,2019
111334,Melgar,2020
111339,Kasımpaşa,68
111380,Almere City,10
111393,Adelaide United,351
111395,Brisbane Roar,351
111396,Central Coast Mariners,351
111397,Melbourne Victory,351
111398,Newcastle Jets,351
111399,Perth Glory,351
111400,Sydney,351
111434,Cremonese,32
111539,Vizela,308
111629,East Bengal,2149
111651,Toronto,39
111657,Frosinone,31
111659,Rodez,17
111674,Al Shabab,350
111701,Al Ain,2013
111705,Brommapojkarna,56
111706,Godoy Cruz,353
111708,Atlético Tucumán,353
111710,Defensa y Justicia,353
111711,Huracán,353
111715,Tigre,353
111716,Unión Santa Fe,353
111722,Deportes Tolima,336
111724,Shandong Taishan,2012
111766,Wellington Phoenix,351
111768,Beijing Guoan,2012
111769,Changchun Yatai,2012
111773,Shenzhen,2012
111774,Tianjin Jinmen Tiger,2012
111779,Henan,2012
111811,Monza,31
111817,Paris,17
111822,Wolfsberger AC,80
111928,San Jose Earthquakes,39
111974,Sassuolo,31
111993,Cittadella,32
112001,América Mineiro,7
112072,Mjällby,56
112096,Al Ettifaq,350
112115,Gangwon,83
112126,Värnamo,56
112134,Philadelphia Union,39
112139,Al Nassr,350
112163,Zhejiang,2012
112168,Cosenza,32
112172,RB Leipzig,19
112184,River Plate,338
112199,Sarpsborg 08,41
112222,Harrogate Town,61
112224,Melbourne City,351
112254,Newport County,61
112258,Gwangju,83
112259,AFC Wimbledon,61
112260,Fleetwood Town,60
112378,Dalian Professional,2012
112387,Al Ahli Jeddah,350
112390,Al Fateh,350
112392,Al Raed,350
112393,Al Taawon,350
112408,Al Wahda,350
112427,Western Sydney Wanderers,351
112472,Bragantino,7
112494,Südtirol,32
112499,FeralpiSalò,32
112511,Warta Poznań,66
112513,Arouca,308
112540,Shanghai Port,2012
112552,Quevilly Rouen,17
112558,Suwon,83
112572,Al Tai,350
112578,Rionegro Águilas,336
112585,Ñublense,335
112606,Orlando City,39
112670,Talleres Córdoba,353
112689,Platense,353
112707,Magallanes,335
112713,Sarmiento,353
112716,Cerro Porteño,337
112744,Deportivo Pereira,336
112809,Famalicão,308
112828,New York City,39
112883,Al Khaleej,350
112885,Atlanta United,39
112893,Inter Miami,39
112908,Independiente del Valle,2018
112914,Metropolitanos,2019
112965,Central Cordoba SdE,353
112979,Nantong Zhiyun,2012
112985,Cangzhou Mighty Lions,2012
112996,Los Angeles FC,39
113018,Saint Louis City,39
113029,César Vallejo,2020
113037,Al Riyadh,350
113040,NorthEast United,2149
113044,Barracas Central,353
113057,Al Fayha,350
113058,Abha,350
113060,Al Okhdood,350
113142,Alanyaspor,68
113146,ATK Mohun Bagan,2149
113149,Cincinnati,39
113182,Voluntari,330
113217,Damac,350
113222,Al Hazem,350
113257,Odisha FC,2149
113297,Chennaiyin,2149
113298,Goa,2149
113299,Kerala Blasters,2149
113300,Mumbai City,2149
113301,Hyderabad,2149
113302,Bengaluru,2149
113356,Amorebieta,54
113378,Sepsi,330
113458,Sirius,56
113742,Concarneau,17
113743,Varberg BoIS,56
113892,Degerfors,56
113926,Salford City,61
114004,Stal Mielec,66
114023,Western United,351
114147,Hermannstadt,330
114161,Austin,39
114162,Nashville SC,39
114168,Jamshedpur,2149
114326,Raków Częstochowa,66
114393,Puszcza Niepołomice,66
114510,Casa Pia,308
114554,FC Andorra,54
114580,Delfin,2018
114582,Deportivo Binacional,2020
114600,Guabirá,2017
114604,Macarthur,351
114611,Academia Puerto Cabello,2019
114628,Meizhou Hakka,2012
114640,Charlotte,39
115201,Stade Lausanne-Ouchy,189
115202,Punjab,2149
115358,Palmaflor del Trópico,2017
115494,Annecy,17
115716,U Craiova 1948,330
116007,General Caballero JLM,337
116295,Sportivo Ameliano,337
116360,Chengdu Rongcheng,2012
116361,Wuhan Three Towns,2012
131110,Eldense,54
131173,Qingdao Hainiu,2012
131389,Pendikspor,68
